Tonegawa,Nakagawa,Arakawa,Sumidagawa,Tamagawa,Tsurumigawa
139.890256,139.85332,139.847865,139.81051,139.743017,139.67858
35.750184,35.73838,35.6701,35.74115,35.54434,35.5037